Fold,AUC,AUPR,Accuracy,Precision,Recall,F1
0,0.8780216122963235,0.8818743177149574,0.80859375,0.8103448275862069,0.8245614035087719,0.8173913043478261
1,0.8787946808148828,0.8831645032202571,0.8072916666666666,0.8141809290953546,0.8222222222222222,0.8181818181818182
2,0.8825792918389168,0.8998801036636597,0.8098958333333334,0.827930174563591,0.8117359413202934,0.8197530864197531
3,0.8769610701423427,0.9007140875849045,0.79296875,0.8166666666666667,0.8070588235294117,0.8118343195266272
4,0.8701125218944026,0.8799366454926085,0.7955729166666666,0.812807881773399,0.8029197080291971,0.8078335373317014
